"duration, x^0, x^1, x^2, ..., x^n, y^0, y^1, y^2, ... y^n, z^0, z^1, z^2, ... z^n, yaw^0, yaw^1, yaw^2, ... yaw^n"
0.066,1.3847040013250357e-16,5.32941335325053e-18,172.17630853994473,-1739.1546317166133,2.1545168001738276e-18,-7.231157121573515e-17,8.716403785366638e-16,-3.659717660198129e-15,0.0,0.0,0.0,0.0,0.0,0.0,0.0,0.0,10.0,-6.400402287084279e-21,2.293305404998867e-16,-2.3163303258425167e-15,1.9733555672818058e-23,-6.756043386381282e-22,8.205182028849966e-21,-3.458952721993113e-20,1.5700000000000047,1.2208645678707095e-16,-5.220845512849584e-12,5.272872292018021e-11,2.845902758294818e-13,-4.028192955249144e-12,2.035659433356528e-11,5.525898805453793e-16
